formulation,alpha,log10_kJ_mean,log10_kJ_std,log10_kJTJ_mean,log10_kJTJ_std,sigma_max_mean,sigma_min_mean
unscaled,1.0,151.9468599504761,0.014481247504559232,303.8937199009522,0.028962495009118464,88.53249139029764,1e-150
unscaled,0.01,152.620415028181,0.02483314915399925,305.240830056362,0.0496662983079985,417.94838318128194,1e-150
unscaled,0.0001,154.6039493945951,0.02646844466140679,309.2078987891902,0.05293688932281358,40248.74217423308,1e-150
unscaled,1e-06,156.60394764044648,0.02646863152409756,313.20789528089296,0.05293726304819512,4024858.0647275075,1e-150
scaled_raw,1.0,151.9468599504761,0.014481247504559232,303.8937199009522,0.028962495009118464,88.53249139029764,1e-150
scaled_raw,0.01,150.98852278246207,0.014709246194373552,301.97704556492414,0.029418492388747105,9.74480683508438,1e-150
scaled_raw,0.0001,150.62279541927384,0.015687552914502616,301.2455908385477,0.03137510582900523,4.198366463844458,1e-150
scaled_raw,1e-06,150.6131020579161,0.01574104548119327,301.2262041158322,0.03148209096238654,4.105716246599367,1e-150
