formulation,alpha,log10_kJ_mean,log10_kJ_std,log10_kJTJ_mean,log10_kJTJ_std,sigma_max_mean,sigma_min_mean
unscaled,1.0,151.81631839519426,0.021662505655470687,303.6326367903885,0.04332501131094137,65.59227314984805,1e-150
unscaled,0.01,152.48353160321116,0.02151121702461679,304.9670632064223,0.04302243404923358,304.837915980889,1e-150
unscaled,0.0001,154.46603142597908,0.02305433187541042,308.93206285195816,0.04610866375082084,29285.295992485724,1e-150
unscaled,1e-06,156.4660295534413,0.023054509744001684,312.9320591068826,0.04610901948800337,2928517.037416814,1e-150
scaled_raw,1.0,151.81631839519426,0.021662505655470687,303.6326367903885,0.04332501131094137,65.59227314984805,1e-150
scaled_raw,0.01,150.85858756539767,0.02197935742441596,301.71717513079534,0.04395871484883192,7.22998699661403,1e-150
scaled_raw,0.0001,150.49525799302202,0.02342604819256343,300.99051598604404,0.04685209638512686,3.132436186437969,1e-150
scaled_raw,1e-06,150.48568557324302,0.023508400334440627,300.97137114648604,0.04701680066888125,3.064179326907613,1e-150
